Song,Artist,easy,basic,advanced,expert,master,remaster
1/3の純情な感情,SIAM SHADE ［covered by 湯毛］,2,5,6,8+,10+,"-"
7 Girls War,"Wake Up, Girls！",2,4,7,8+,10,"-"
Arrival of Tears,彩音,3,4,6,9,12,"-"
come again,m-flo [cover],2,5,6,8+,10,"-"
Daydream café,Petit Rabbit's 「ご注文はうさぎですか？」,1,4,6,7+,11,"-"
Deep in Abyss,リコ(CV:富田美憂)、レグ(CV:伊瀬茉莉也),1,4,6,8+,11+,"-"
fake!fake!,カラスは真っ白,2,4,7,8+,11+,"-"
fantastic dreamer,Machico「この素晴らしい世界に祝福を!」,3,4,6,8+,11,"-"
Future,★STAR GUiTAR [cover],3,6,6,7+,9,11+
GET!! 夢＆DREAM,加賀美 祥 「学園ハンサム」,2,4,7,8,11,"-"
HIMITSUスパーク,カラスは真っ白,2,4,6,8+,11+,"-"
jelly,capsule [cover],2,4,7,7+,10+,"-"
Jumping!!,Rhodanthe*,2,4,6,8,10+,"-"
Los! Los! Los!,ターニャ・デグレチャフ(CV.悠木碧)「幼女戦記」,3,4,7,9+,11+,"-"
Love or Lies,capsule [cover],2,4,6,8,10,"-"
Love You,Q;indivi [cover],2,5,6,8,10,"-"
NIGHT OF FIRE,NIKO [cover],3,6,7,8+,10,"-"
NOISY LOVE POWER☆,大橋彩香,2,4,6,9+,10+,12+
Now Loading!!!!,fourfolium「NEW GAME!」,2,4,7,8+,11,"-"
only my railgun,fripSide,2,4,6,9,10+,11+
Paradisus-Paradoxum,MYTH & ROID 「Re:ゼロから始める異世界生活」,2,4,7,9,12,"-"
PERFECT HUMAN,RADIO FISH,1,4,6,8,11,"-"
POP STAR,平井堅 ［cover］,1,4,6,7+,10,"-"
POP TEAM EPIC,上坂すみれ「ポプテピピック」,1,4,6,8+,10+,12+
REVIVER オルタンシア・サーガ -蒼の騎士団- オリジナルVer.,MY FIRST STORY,2,5,7,9,12,"-"
Rodeo Machine,HALFBY,1,3,6,9+,12,"-"
SAKURAスキップ,fourfolium 「NEW GAME!」,2,4,6,7+,10+,"-"
SAVIOR OF SONG,ナノ feat.MY FIRST STORY,3,4,7,9,12,"-"
SHINY DAYS,亜咲花,1,3,5,7+,11,"-"
Stand Up!!!!,鈴木結愛（CV:西 明日香）/ 佐藤陽菜（CV:明坂聡美）/高橋 葵（CV:荻野可鈴）/田中心春（CV:大橋彩香）/「てさぐれ！部活もの」 ［アニメPV］,2,4,6,8+,11,"-"
SUSHI食べたい feat. ソイソース,ORANGE RANGE,1,4,6,8+,11+,"-"
This game,鈴木このみ「ノーゲーム・ノーライフ」,2,4,6,9+,12,"-"
true my heart -Lovable mix-,ave;new feat.佐倉紗織,1,4,6,8+,11,"-"
YATTA!,はっぱ隊 [cover],1,3,6,8,10,"-"
あ・え・い・う・え・お・あお!!,劇団ひととせ「ひなこのーと」,3,5,7+,9,12,"-"
アンチクロックワイズ,After the Rain(そらる×まふまふ),3,5,7,9,10+,12+
バラライカ,Performed by 光吉猛修,2,4,6,8,10,"-"
ちょちょちょ！ゆるゆり☆かぷりっちょ！！！,七森中☆ごらく部 「ゆるゆり さん☆ハイ！」,2,4,7,9,11,"-"
コネクト,ClariS「魔法少女まどか☆マギカ」,2,5,7,7+,10+,"-"
ファッとして桃源郷,新庄 かなえ(CV:三森 すずこ) 「てーきゅう」,2,4,6,8+,11+,"-"
ガヴリールドロップキック,"ガヴリール(富田美憂),ヴィーネ(大西沙織),サターニャ(大空直美),ラフィエル(花澤香菜)「ガヴリールドロップアウト」",2,4,7,8,11+,"-"
ガチャガチャきゅ～と・ふぃぎゅ@メイト,MOSAIC.WAV,3,5,7,9+,11+,"-"
ジンギスカン,仁井山征弘 Feat. GREAT G and surprise,3,4,6,8+,12,"-"
ギリギリ最強あいまいみー！,愛(C.V.大坪由佳) 麻衣(C.V.内田彩) ミイ(C.V.内田真礼)「あいまいみー」,2,4,6,9,11+,"-"
極上スマイル,"Wake Up, Girls！",1,4,6,7,9+,"-"
紅蓮の弓矢,Linked Horizon「進撃の巨人」[アニメPV],1,4,7+,9,11,"-"
ホシトハナ,讃州中学勇者部 「結城友奈は勇者である」,2,4,6,9,11,"-"
かくしん的☆めたまるふぉ～ぜっ！,土間うまる［CV.田中あいみ］ 「干物妹！うまるちゃん」,2,4,6,8,11,11+
君の知らない物語,supercell「化物語」,3,3,6,8,10,"-"
きらっせ☆ウッド村ファーム,uno(IOSYS) feat.miko,3,5,7,8+,11,"-"
甲賀忍法帖,陰陽座,2,4,6,9,10+,11+
ラブリー☆えんじぇる!!,あべにゅうぷろじぇくと feat.佐倉紗織&井上みゆ 「パチスロ快盗天使ツインエンジェル」,2,4,6,8+,10+,"-"
ラブって♡ジュエリー♪えんじぇる☆ブレイク!!,あべにゅうぷろじぇくと feat.天月めぐる&如月すみれ「ツインエンジェルBREAK」,3,4,7+,10,12,"-"
回レ！雪月花,歌組雪月花 夜々(原田 ひとみ)/いろり(茅野 愛衣)/小紫(小倉 唯) 「機少女は傷つかない」,2,4,7,9,12,"-"
ミラクル・ショッピング,田中マイミ,2,4,6,9,11,"-"
夏祭り,Jitterin’ Jinn [covered by ろん],2,4,6,7,10,"-"
ネ！コ！,パトリシア・オブ・エンド・黒木未知・夕莉シャチ・明日原ユウキ「ノラと皇女と野良猫ハート」,2,4,7,9,11+,"-"
日本の米は世界一,打首獄門同好会,2,4,6,9,11+,"-"
にじよめちゃん体操第一億,にじよめちゃんとZIPたん,2,4,6,8,12,"-"
にめんせい☆ウラオモテライフ!,土間うまる(田中あいみ)「干物妹！うまるちゃんR」,2,4,6,9,10+,11+
ポップミュージックは僕のもの,ONIGAWARA,2,4,6,8,12,"-"
セハガガガンバッちゃう！！,Hi☆sCoool! セハガール,3,5,7,9+,11+,"-"
真・ハンサム体操でズンドコホイ,10Re; 「学園ハンサム」,2,5,6,8+,12,"-"
シュガーソングとビターステップ,UNISON SQUARE GARDEN,2,5,7,8,11+,"-"
うまるん体操,妹S「干物妹！うまるちゃんR」,2,4,6,8,10,11+
美しく燃える森,東京スカパラダイスオーケストラ [cover],2,4,6,7+,9+,"-"
ウッーウッーウマウマ(ﾟ∀ﾟ),Caramell/Caramelldansen [cover],3,5,7,8,11+,"-"
若い力 -SEGA HARD GIRLS MIX-,"SC-3000(シーさん)/CV.相沢 舞、SG-1000(せん)/CV.芹澤
優、SG-1000Ⅱ(せんつー)/CV.大空直美、ゲームギア(ムギ)/CV.田中美海、ロボピッチャ(ぴっちゃん)/CV.もものはるな
「Hi☆sCoool! セハガール」[アニメPV]",2,4,6,8,11,11+
ヤバい○○,上坂すみれ,2,4,6,9,11+,"-"
いぇす！ゆゆゆ☆ゆるゆり♪♪,七森中☆ごらく部 「ゆるゆり♪♪」,2,4,7,9,11,"-"
ようこそジャパリパークへ,どうぶつビスケッツ×PPP「けものフレンズ」,2,4,6,8,11,"-"
ゆりゆららららゆるゆり大事件,七森中☆ごらく部 「ゆるゆり」,2,4,6,7,10+,"-"
全力☆Summer!,angela「アホガール」,2,4,6,8+,10+,11+
前前前世,RADWIMPS,2,4,6,8,11+,"-"
39,sasakure.UK x DECO*27,2,5,7+,9+,12,12+
ARROW,niki,2,4,6,10,12,"-"
BAD∞END∞NIGHT,ひとしずくP・やま△,2,4,7+,9,11+,"-"
ECHO,CIRCRUSH,2,4,6,9+,12,"-"
Hand in Hand,livetune,2,4,6,8+,11,"-"
Heart Beats,向日葵×emon(Tes.),2,5,6,8,10,"-"
Ievan Polkka,Otomania feat. 初音ミク,1,3,6,10+,12,"-"
I ♥,Junky,2,4,6,7+,10+,"-"
Just Be Friends,Dixie Flatline,1,4,7,9,11+,"-"
Link,Circle of friends （天月-あまつき-・un:c・伊東歌詞太郎・コニー・はしやん）,2,5,7,7,10+,"-"
LOL -lots of laugh-,KeN/エンドケイプ,2,4,6,8+,10+,"-"
M.S.S.Planet,M.S.S Project,2,4,6,9,11,"-"
Magical Sound Shower,HIRO/曲者P,3,5,7,9,12,"-"
magician's operation,EZFG,2,4,7,10,12,"-"
Mr. Wonderland,sasakure.UK,3,5,6,8+,12,"-"
Nyan Cat EX,daniwell,2,4,7,9+,12,"-"
One Step Ahead,伊東歌詞太郎,2,4,6,9,10+,"-"
Seyana. ～何でも言うことを聞いてくれるアカネチャン～,GYARI,3,4,6,9,12,"-"
shake it!,emon,2,4,6,7,10+,"-"
SPiCa,とくP,2,4,6,8,11,"-"
StargazeR,骨盤P,2,4,6,9,11,"-"
Sweet Devil,八王子P,2,4,6,9+,11,"-"
Sweetiex2,Dixie Flatline,2,4,6,7,9+,"-"
Tell Your World,livetune,1,4,6,8+,10+,11+
WORLD'S END UMBRELLA,ハチ,2,4,7,8+,11,"-"
ZIGG-ZAGG,Junky,3,6,6,7+,9,11+
アゲアゲアゲイン,Mitchie M,2,4,7,8+,10+,"-"
エイリアンエイリアン,ナユタン星人,2,4,7,8+,11,"-"
アルカリレットウセイ,かいりきベア,2,4,6,9,11,"-"
天ノ弱,164,3,5,7,9,11+,"-"
ありふれたせかいせいふく,ピノキオピー,2,4,6,8,12,"-"
バッド・ダンス・ホール,ぱなまん/カラスヤサボウ,2,4,6,9+,12,"-"
バレリーコ,みきとP,2,4,6,9,11+,"-"
ブリキノダンス,日向電工,3,5,7,9,11,12+
シャルル,バルーン,2,4,6,8,11+,"-"
ちがう!!!,カルロス袴田(サイゼP),3,5,7,9,12,"-"
チュルリラ・チュルリラ・ダッダッダ！,和田たけあき(くらげP),2,5,7,9,12,"-"
厨病激発ボーイ,れるりり,3,5,7,9,12,"-"
クローバー♣クラブ,ゆうゆ,2,4,6,8,12,"-"
カラフル×メロディ,ちーむMOER,2,5,7,9+,11+,"-"
ダンスロボットダンス,ナユタン星人,3,5,7+,9+,12,"-"
ダンシング☆サムライ,mathru（かにみそP),2,4,7,9,10+,"-"
だんだん早くなる,40mP,2,4,7,8+,10+,11+
デッドレッドガールズ,MARUDARUMA,2,4,7+,9,12+,"-"
ドクハク,MARETU,2,5,6,9,12,"-"
毒占欲,DECO*27,2,5,7,9,12,"-"
ドーナツホール,ハチ,3,5,6,10,12+,"-"
ダブルラリアット,アゴアニキ,2,4,5,9,12,"-"
どういうことなの！？,くちばしP,2,4,7,9+,12,"-"
どうしてこうなった,うどんゲルゲ,2,5,7,9+,12,"-"
えれくとりっく・えんじぇぅ,ヤスオ,2,4,7,8+,10+,"-"
絵の上手かった友達,ピノキオピー,1,3,6,8,11+,"-"
フィクサー,ぬゆり,2,4,6,8+,12,"-"
フラジール,ぬゆり,1,4,7,8,11+,"-"
フリィダム ロリィタ,ねじ式,2,4,6,8+,11+,"-"
フキゲンワルツ,OSTER project,3,5,7,8+,12,"-"
不毛！,ぽてんしゃる0,2,4,7,8+,11,"-"
ゴーストルール,DECO*27,3,5,7+,9,12,"-"
ゴーゴー幽霊船,米津玄師,2,4,7,9+,10,"-"
＊ハロー、プラネット。,sasakure.UK,2,3,6,7+,11,"-"
敗北の少年,kemu,3,5,7+,10,12,"-"
拝啓ドッペルゲンガー,kemu,3,5,7+,10,12,"-"
はじめまして地球人さん,ピノキオピー,2,4,6,8+,11+,"-"
ハッピーシンセサイザ,EasyPop,2,4,6,8,10+,"-"
初音ミクの激唱,Storyteller,3,6,8,10+,13,"-"
初音ミクの消失,cosMo＠暴走P,3,5,8,10,12+,"-"
はやくそれになりたい！,キノシタ feat. 音街ウナ,3,5,7,9,10+,12+
ヘルシーエンド,椎名もた (ぽわぽわP),2,4,7,9+,11+,"-"
ハロ／ハワユ,ナノウ,1,4,5,8,10+,"-"
ヒバナ,DECO*27,3,4,7,9+,10+,11+
ヒビカセ,GigaReol,2,4,7,9+,12,"-"
放課後ストライド,Last Note.,2,4,7,9,11+,"-"
イアイア★ナイトオブデザイア,samfree,2,4,6,8,9+,"-"
生きてるおばけは生きている,鬱P feat.flower,2,4,6,9,11+,"-"
命ばっかり,ぬゆり,2,3,6,8,11+,"-"
イノコリ先生,HoneyWorks,2,4,6,8,11,"-"
インビジブル,kemu,3,5,7,9+,10+,12+
人生リセットボタン,kemu,3,5,7+,10,12+,"-"
カゲロウデイズ,じん,2,4,6,9+,11,13
からくりピエロ,40mP,1,3,5,8+,10,11+
片想いサンバ,オワタP,3,5,6,9+,12,"-"
木彫り鯰と右肩ゾンビ,hanzo/赤飯歌唱Ver,2,5,7,9,12,"-"
キミノヨゾラ哨戒班,Orangestar,2,4,7,9,11+,"-"
キレキャリオン,ポリスピカデリー,2,4,6,8+,11+,"-"
金の聖夜霜雪に朽ちて,デッドボールP,3,5,7+,9+,11+,"-"
ココロ,トラボルタ,1,4,6,8,10+,"-"
このふざけた素晴らしき世界は、僕の為にある,n.k,2,4,6,9,11+,"-"
このピアノでお前を8759632145回ぶん殴る,SLAVE-V.V.R,3,5,7,9+,12,"-"
クノイチでも恋がしたい,みきとP,2,5,7,9,11+,"-"
腐れ外道とチョコレゐト,ピノキオP,2,6,8,10,12,"-"
共感覚おばけ,ササノマリイ,2,4,6,9,11+,"-"
リリリリ★バーニングナイト,samfree,2,4,7,8,9+,"-"
ロストワンの号哭,Neru,2,4,6,9,12,12+
ラブチーノ,Junky,2,4,6,8,10+,"-"
ルカルカ★ナイトフィーバー,samfree,3,4,6,7+,10,"-"
マトリョシカ,ハチ,3,5,7+,8,9+,11+
メグメグ☆ファイアーエンドレスナイト,samfree,2,5,6,7,9+,"-"
名探偵連続殺人事件,てにをは,2,5,6,9+,11,"-"
メランコリック,Junky,3,6,6,7+,10,"-"
右肩の蝶,のりP,2,4,6,9+,12,"-"
みくみくにしてあげる♪【してやんよ】,ika,2,4,6,8,10+,"-"
ミラクルペイント,OSTER project,3,4,6,9,12,"-"
妄想感傷代償連盟,DECO*27,2,3,6,8,10,12+
妄想税,DECO*27,2,4,6,9,10,"-"
モザイクロール,DECO*27,2,4,6,9,10+,"-"
むかしむかしのきょうのぼく,DECO*27,2,4,6,8+,10+,"-"
結ンデ開イテ羅刹ト骸,ハチ,2,4,7,9,11,12+
ないせんのうた,ナイセン - momoco-,1,4,6,9,11,"-"
ネトゲ廃人シュプレヒコール,さつき が てんこもり,2,4,7,9,12,"-"
ナイトメア☆パーティーナイト,くちばしP,3,4,7,9,10+,11+
二息歩行,DECO*27,3,4,6,8+,11+,"-"
ナンセンス文学,Eve,2,4,7,9+,12,"-"
脳漿炸裂ガール,れるりり,3,4,6,11,12+,"-"
おちゃめ機能,ゴジマジP,2,4,7,7,11,"-"
踊れオーケストラ,YASUHIRO(康寛),2,5,6,8,10+,"-"
おじゃま虫,DECO*27,1,3,6,8,10+,"-"
お気に召すまま,Eve,2,4,7,8+,10,12+
おこちゃま戦争,ギガ / れをる,2,4,6,9,12,"-"
おねがいダーリン,ONE (song by ナナホシ管弦楽団),2,4,6,9+,11+,"-"
教えて!! 魔法のLyric,ちょむP <advanced mix>,2,6,7,8,9+,"-"
アウターサイエンス,じん,3,5,7,10+,12,"-"
パンダヒーロー,ハチ,2,5,6,8,9+,"-"
パーフェクト生命,ナユタン星人,3,5,7,8+,12,"-"
+♂,ギガれをる ダンス アルスマグナ,3,5,7,9,12,"-"
ぽっぴっぽー,_,2,3,6,8,11,"-"
リンカーネイション,kemu,3,5,7,9+,12,"-"
恋愛裁判,40mP,2,4,6,8,10,"-"
林檎華憐歌,ビートまりお母（尾崎順子）,2,4,6,9+,11,"-"
ロキ,みきとP,2,4,7,9,10+,12+
六兆年と一夜物語,kemu,3,5,7,9,12,"-"
ロールプレイングゲーム,そらまふうらさか,2,4,6,8+,11,"-"
ローリンガール,wowaka,2,4,6,8,11+,"-"
ロミオとシンデレラ,doriko,2,5,7+,9,10+,12+
炉心融解,iroha(sasaki)／kuma(alfred),3,4,6,9+,11,"-"
赤心性：カマトト荒療治,スズム,3,5,7,8,12,"-"
千本桜,黒うさP,2,4,7,9,12,"-"
セツナトリップ,Last Note.,2,4,6,9,12,"-"
幸せになれる隠しコマンドがあるらしい,ぬゆり,3,5,8,10+,12+,"-"
しんでしまうとはなさけない！,ワンダフル☆オポチュニティ！,2,5,7,8+,11+,"-"
しねばいいのに,どぶウサギ,2,4,6,8+,11+,"-"
深海少女,ゆうゆ,2,4,6,8,11+,"-"
白ゆき,n-buna,2,5,7,9+,12,"-"
白い雪のプリンセスは,のぼる↑,2,5,7,9+,11+,"-"
終点,cosMo@暴走P,3,5,7+,10+,12+,"-"
すろぉもぉしょん,ピノキオピー,2,4,6,8,11,"-"
サウンド,baker,2,4,6,8,11,"-"
スターナイトスノウ,n-buna × Orangestar,2,4,6,8+,10+,"-"
ストリーミングハート,DECO*27,3,4,7,9,12,"-"
彗星ハネムーン,ナユタン星人,2,4,6,8+,11,"-"
好き！雪！本気マジック,Mitchie M,2,4,6,9+,11+,"-"
砂の惑星 feat. HATSUNE MIKU,ハチ,2,4,6,9,12,"-"
すーぱーぬこになりたい,まふまふ,2,4,7,9,12,"-"
スイートマジック,ろん×Junky,2,4,6,9,10,"-"
立ち入り禁止,まふまふ,3,4,6,9+,10+,12+
東京リアルワールド,out of service,2,4,6,7+,9+,"-"
東京レトロ,すこっぷ,1,4,6,8,10,"-"
頓珍漢の宴,ピノキオピー,2,5,7+,9+,12+,"-"
トルコ行進曲 - オワタ＼(^o^)／,オワタP,2,3,6,8,12,"-"
ウミユリ海底譚,n-buna,2,4,6,8,12,"-"
アンハッピーリフレイン,wowaka,3,5,7,10,12,"-"
アンノウン・マザーグース,wowaka,3,4,6,9+,11+,"-"
裏表ラバーズ,wowaka,2,5,7,10,12,"-"
ワンダーラスト,sasakure.UK,3,5,7+,10+,12+,"-"
ワールズエンド・ダンスホール,wowaka,3,5,7,7,10+,12+
やめろ！聴くな！,SLAVE.V-V-R,3,4,7,8+,11+,"-"
いーあるふぁんくらぶ,みきとP,2,4,6,7,10,11+
夜咄ディセイブ,じん,2,4,7+,10,12,"-"
吉原ラメント,亜沙,3,5,7+,10,12,"-"
弱虫モンブラン,DECO*27,2,4,6,9,11,"-"
ゆっくりしていってね！！！,今日犬,2,4,7,9+,11+,"-"
Bad Apple!! feat nomico,Masayoshi Minoshima,2,4,6,8+,10+,12+
Calamity Fortune,LeaF,3,6,8,11,13,"-"
Club Ibuki in Break All,void＋夕野ヨシミ (IOSYS) feat.藤原鞠菜,3,5,7,9+,11+,"-"
Cosmic Magic Shooter,SOUND HOLIC feat. Nana Takahashi,3,4,7,9,12,"-"
CYBER Sparks,Tatsh,3,5,7,10,10+,12+
Doll Judgment,ぬるはち,3,4,7+,10,12,"-"
"Endless, Sleepless Night",samfree feat. (V)・∀・(V)かにぱん。,2,4,7,9,11+,"-"
Grip & Break down !!,SOUND HOLIC feat. Nana Takahashi,2,4,6,7,11+,"-"
"Help me, ERINNNNNN!!",ビートまりお(COOL&CREATE),2,5,6,9+,10,"-"
Imperishable Night 2006 (2016 Refine),ゆうゆ / 篠螺悠那,3,5,7+,10,12+,"-"
INFINITE WORLD,SOUND HOLIC feat. Nana Takahashi,2,4,7,9,11+,"-"
Jimang Shot,じまんぐ,2,4,6,8+,11+,"-"
LOVE EAST,暁Records,2,4,6,9,11,"-"
Money Money,暁Records,2,4,6,9,12,"-"
No Routine,A-One,2,5,6,9,12,"-"
Phantasm Brigade,Silver Forest,2,5,7,9+,12,"-"
Scream out! -maimai SONIC WASHER Edit-,A-One,3,5,7+,10+,12+,"-"
Starlight Dance Floor,発熱巫女～ず,1,4,6,8+,11,"-"
Starlight Vision,矢鴇つかさ feat. 三澤秋,2,4,7,9+,11,"-"
sweet little sister,Silver Forest,2,4,6,9,11+,"-"
taboo tears you up,REDALiCE(HARDCORE TANO*C),3,5,7,9,11+,"-"
WARNING×WARNING×WARNING,暁Records,2,4,7,9,11,"-"
White Traveling Girl,A-One,2,4,6,9,12,"-"
"Yet Another ""drizzly rain""",myu314 feat.あまね（COOL&CREATE）,2,4,6,8+,11,"-"
YU-MU,岸田教団＆THE明星ロケッツ,2,4,6,9,11,"-"
【東方ニコカラ】秘神マターラ feat.魂音泉【IOSYS】,ARM(IOSYS),2,4,7,10,12+,"-"
エテルニタス・ルドロジー,IRON ATTACK!,2,4,6,9+,12,"-"
明星ロケット,岸田教団＆THE明星ロケッツ,2,4,6,8,10+,11+
アマノジャクリバース feat. ｙｔｒ,魂音泉,2,4,7,9+,12,"-"
オーディエンスを沸かす程度の能力 feat.タイツォン,D.watt(IOSYS)＋らっぷびと,2,4,7,9,12,"-"
キャプテン・ムラサのケツアンカー,ARM＋夕野ヨシミ (IOSYS) feat.山本椛,3,4,6,9+,12,"-"
橙の幻想郷音頭,発熱巫女～ず,1,4,6,8,11+,"-"
チルノのパーフェクトさんすう教室,ARM＋夕野ヨシミ(IOSYS)feat. miko,2,4,6,8+,11+,"-"
チルノのパーフェクトさんすう教室 ⑨周年バージョン,IOSYSと愉快な⑨周年フレンズ,3,5,7,9,12,"-"
クレイジークレイジーダンサーズ,ビートまりお+あまね(COOL&CREATE),2,4,7,9,10+,12+
永遠のメロディ,あ～るの～と(いえろ～ぜぶら),2,4,6,8+,10+,"-"
エピクロスの虹はもう見えない,SYNC.ART’S feat. 美里,2,4,6,8,10,11+
フラグメンツ -T.V. maimai edit-,発熱巫女～ず,2,4,5,8,10+,"-"
不思議の国のクリスマス,SOUND HOLIC feat. 3L,2,4,5,8,11+,"-"
幻想のサテライト,豚乙女,2,4,7,9+,12+,"-"
儚きもの人間,豚乙女,3,5,7+,9,12+,"-"
緋色のDance,岸田教団＆THE明星ロケッツ,2,4,6,9,11+,12+
ひれ伏せ愚民どもっ！,ARM＋夕野ヨシミ (IOSYS) feat.miko,2,4,7,9,11+,"-"
隠然,豚乙女,3,5,7+,9+,11,12+
色は匂へど散りぬるを,幽閉サテライト,2,3,6,8,11,"-"
華鳥風月,幽閉サテライト,1,3,5,8,11,"-"
囲い無き世は一期の月影,豚乙女,2,5,7,9,11,"-"
神々の祈り,舞風-MAIKAZE/沙紗飛鳥,1,3,6,7+,11,"-"
患部で止まってすぐ溶ける～狂気の優曇華院,ARM＋夕野ヨシミ (IOSYS) feat. miko,2,4,7,9,12+,13
ケロ⑨destiny,Silver Forest,2,4,6,9,11,"-"
響縁,豚乙女,2,4,6,8,11,"-"
究極焼肉レストラン！お燐の地獄亭！,ARM＋夕野ヨシミ(IOSYS) feat. 藤枝あかね,2,4,6,9,10+,"-"
待チ人ハ来ズ。,豚乙女,2,4,6,8,11,"-"
魔理沙は大変なものを盗んでいきました,ARM＋夕野ヨシミ(IOSYS)feat. 藤咲かりん,2,4,6,7+,11+,"-"
みんなの,豚乙女,2,4,6,8+,11,"-"
物凄い勢いでけーねが物凄いうた,Halozy,2,4,6,8,11,"-"
もうみんなしねばいいのに,kemu,3,5,7,10+,12+,"-"
ネクロファンタジア～Arr.Demetori,Demetori,3,4,7,10,12,"-"
願いを呼ぶ季節,舞風-MAIKAZE/時音-TOKINE,2,4,6,8+,11,"-"
ナイト・オブ・ナイツ,ビートまりお(COOL&CREATE),2,4,7,10,11+,13
お嫁にしなさいっ！,ARM＋夕野ヨシミ (IOSYS),3,4,6,9,11,"-"
サドマミホリック,ビートまりお(COOL&CREATE),3,5,7+,9+,10+,12+
最終鬼畜妹フランドール・S,ビートまりお(COOL&CREATE),3,4,7,9+,10+,12+
最終鬼畜妹・一部声,ビートまりお,3,5,7,10,12+,"-"
最速最高シャッターガール,ビートまりお(COOL&CREATE),2,3,7,9,11,"-"
シアワセうさぎ,あまね＋ビートまりお（COOL&CREATE）,2,4,6,7,10,"-"
進捗どうですか？,sumijun(Halozy) feat. ななひら(Confetto),3,5,7+,9,12,"-"
疾走あんさんぶる,ビートまりお(COOL&CREATE),3,5,7+,9+,12,"-"
少女幻葬戦慄曲 ～ Necro Fantasia,どぶウサギ,3,5,7,9,12,"-"
宿題が終わらないっ！,Innocent Keyと梨本悠里、JUNCA、小宮真央、樹詩音、大瀬良あい,2,4,6,8+,11+,"-"
しゅわスパ大作戦☆,SOUND HOLIC feat. Nana Takahashi,2,5,6,8,11,"-"
蒼空に舞え、墨染の桜,Silver Forest,2,4,6,9,12,"-"
進め！イッスン軍団 -Rebellion of the Dwarfs-,dawn-system,3,5,7+,9+,12+,"-"
天狗の落とし文 feat. ｙｔｒ,魂音泉,2,4,6,10,11+,"-"
東方スイーツ！～鬼畜姉妹と受難メイド～,Innocent Keyと小宮真央、ココ、樹詩音,2,4,6,9,11,"-"
東方妖々夢 ～the maximum moving about～,石鹸屋,3,5,7,8,11+,"-"
月に叢雲華に風,幽閉サテライト feat. senya,2,4,6,8+,11+,"-"
ってゐ！～えいえんてゐVer～,石鹸屋,3,4,6,8,10+,11+
ウサテイ,あまね＋ビートまりお(COOL&CREATE),2,5,6,9,12+,"-"
泡沫、哀のまほろば,幽閉サテライト,2,4,6,8+,11,"-"
四次元跳躍機関,koutaq,2,4,6,9,12,"-"
妖精村の月誕祭 ～Lunate Elf,どぶウサギ,1,4,6,9,11+,"-"
幽闇に目醒めしは,セブンスヘブンMAXION,1,3,6,9,12,"-"
全人類ノ非想天則,SOUND HOLIC feat. 匠眞,3,4,7,8+,10+,"-"
After Burner,東京アクティブNEETs,3,5,7+,10,12,"-"
awake,下田麻美「Shining・Force CROSS ELYSION」,2,4,7+,8,11+,"-"
Back 2 Back,長沼英樹「ソニック ラッシュ」,3,5,7,9,12,"-"
Beat Of Mind,Hiro「Crackin'DJ」,4,6,8,10,10,12+
Brand-new Japanesque,「龍が如く 見参！」,2,4,7,9,11+,"-"
Burning Hearts ～炎のANGEL～,幡谷尚史 Arranged by SEGA Sound Unit [H.]「バーニングレンジャー」,2,4,7,9,10,12+
CALL HEAVEN!!,夢色キャスト,1,4,6,9,10+,"-"
Catch The Future,「BORDER BREAK UNION」メインテーマ,3,5,7+,9,11,"-"
City Escape: Act1,「ソニック ジェネレーションズ」,2,4,5,8,11,11+
Conquista Ciela,光吉猛修「バーチャロン」,2,4,6,8,11+,"-"
Crush On You,福山光晴「Crackin'DJ」,2,4,6,8,10,12+
DO RORO DERODERO ON DO RORO,怒髪天「百鬼大戦絵巻」,3,5,8,11,12,"-"
Fist Bump,"大谷智哉,Douglas Robb from Hoobastank「ソニックフォース」",3,5,7+,9+,12,"-"
Garden Of The Dragon,Kai「Wonderland Wars」,1,3,6,10,11+,"-"
Her Dream Is To Be A Fantastic Sorceress,アミティ(CV 菊池志穂)「ぷよぷよ」,1,3,6,9,10,"-"
Ignite Infinity,「PHANTASY STAR PORTABLE2 ∞」,2,4,6,10,10+,"-"
In Chaos,Hiro「Crackin'DJ」,2,5,6,8,10+,13
JACKY [Remix],「バーチャファイター」,2,4,6,9,12,"-"
KONNANじゃないっ！,澤村 遥「龍が如く5 夢、叶えし者」,2,4,6,7,12,"-"
Last Brave ~ Go to zero,MECHANiCAL PANDA 「BORDER BREAK」,2,4,7,10,12,"-"
Let's Go Away,光吉猛修「デイトナ Championship USA」,1,4,7,9,11+,"-"
Like the Wind ［Reborn］,sampling masters MEGA「パワードリフト」,3,5,8,9,12+,"-"
Live & Learn,Crush 40「ソニックアドベンチャー2」,2,4,6,9,11+,"-"
Living Universe,「PHANTASY STAR PORTABLE2」,2,4,7,8+,10,11+
Mysterious Destiny,「BAYONETTA(ベヨネッタ)」,2,4,6,10,12,"-"
Natural Flow,KENTARO「Crackin 'DJ」,2,4,7,10,10,"-"
Our Fighting,クーナ(CV 喜多村英梨)「PHANTASY STAR ONLINE 2」,2,4,6,9,11,"-"
Outlaw's Lullaby,「龍が如く２」,2,4,7+,9,12+,"-"
Quartet Theme ［Reborn］,COSIO(ZUNTATA/TAITO)「カルテット」,2,4,6,10,11,"-"
Reach For The Stars,"大谷智哉, Jean Paul Makhlouf of Cash Cash「ソニック カラーズ」",2,5,7+,9,12+,"-"
Riders Of The Light,「BAYONETTA(ベヨネッタ)」,3,3,6,9+,10,"-"
Rooftop Run: Act1,「ソニック ジェネレーションズ」,2,4,6,9+,10,11+
Save This World νMIX,「PHANTASY STAR PORTABLE」,2,5,7,8+,11+,11+
SHOW TIME,幡谷尚史「リズム怪盗R」,1,4,5,7+,10,"-"
Sky High ［Reborn］,大久保 博(NBSI)「デイトナUSA」,2,5,7,9,11,"-"
Space Harrier Main Theme ［Reborn］,佐野 信義「スペースハリアー」,2,5,6,9+,12,"-"
STAIRWAY TO GENERATION,Yosh(Survive Said The Prophet),2,5,7,9+,12,"-"
Sun Dance,Hiro「Crackin'DJ」,2,4,6,7+,9,12+
Sunshine world tour,夢色キャスト,2,4,7,8+,11,"-"
Terminal Storm,三草康二郎「CODE OF JOKER」,2,4,7,9+,12,"-"
The Great Journey,光吉猛修 「ホルカ・トルカ」,2,4,6,8+,10,"-"
Urban Crusher [Remix],「BORDER BREAK」,3,6,8,11,11+,"-"
Windy Hill -Zone 1,大谷智哉 「ソニック ロストワールド」,2,4,7,9,11+,"-"
YA・DA・YO ［Reborn］,古代 祐三「ファンタジーゾーン」,2,4,7+,11,11+,"-"
地上の戦士,「サクラ大戦」,2,4,6,9,10+,"-"
超絶！Superlative,Keitarou Hanada「戦国大戦」,3,5,7+,10,10+,"-"
円舞曲、君に,「サクラ大戦奏組」,1,4,6,9+,11+,"-"
檄!帝国華撃団(改),「サクラ大戦」,2,4,6,8,8+,11+
源平大戦絵巻テーマソング,新小田夢童＆キラ★ロッソ,3,5,7+,9,10+,"-"
時空を超えて久しぶり！,アルル(CV 園崎未恵)「ぷよぷよ」,1,3,5,8+,11,"-"
怪盗Rのテーマ,大谷智哉「リズム怪盗R」,2,5,7,8+,11,"-"
神室雪月花,桐生 一馬「龍が如く」,2,4,6,10+,11,"-"
かせげ！ジャリンコヒーロー,角田信朗「ヒーローバンク」,2,4,6,8,10+,"-"
きみのためなら死ねる,スーパーラバーズ「きみのためなら死ねる」,2,4,6,8,10,"-"
キズナの物語,Trefle「チェインクロニクル」,1,4,6,7,11+,"-"
鼓動,青木 千紘「龍が如く 維新！」,2,3,6,9,12,"-"
ココロスキャンのうた,ササキトモコ「音声感情測定器ココロスキャン」,1,4,6,9,12,"-"
コトバ・カラフル,うたよめ575＜正岡小豆(大坪由佳)小林抹茶(大橋彩香)＞,2,3,6,7,11,"-"
マリアをはげませ,大谷智哉「リズム怪盗R」,2,4,6,7,10,"-"
御旗のもとに,「サクラ大戦」,2,4,6,10,11,"-"
終わりなき物語,クーナ(CV 喜多村英梨) 「PHANTASY STAR ONLINE 2」,2,4,6,9,11,"-"
采配の刻 Power of order,Keitarou Hanada「戦国大戦」,2,5,7+,10,11,"-"
セガサターン起動音[H.][Remix],Hiro,2,3,6,9,11+,"-"
天国と地獄,スーパーラバーズ「赤ちゃんはどこからくるの？」,2,5,7,8,11+,"-"
Altale,削除,3,4,7+,10+,12+,"-"
B.B.K.K.B.K.K.,nora2r,3,5,8,10,12+,"-"
B.M.S.,光吉猛修の父,3,5,8,11,13,"-"
Brain Power,ノマ,3,5,7+,10,12,"-"
conflict,siromaru + cranky,3,5,7,10+,13,"-"
Credits,Frums,3,6,8,11+,13,"-"
DADDY MULK -Groove remix-,Performed by SEGA Sound Unit [H.],2,4,6,10,12,"-"
DRAGONLADY,Nankumo/ CUBE3,2,5,7,11,12+,"-"
End Time,Cres.,3,6,8,11,13,"-"
ENERGY SYNERGY MATRIX,Tanchiky,2,5,7,10+,12+,"-"
EVERGREEN,Cranky,2,4,7,10,12,"-"
FLOWER,DJ YOSHITAKA 「jubeat」より,3,5,7,10,12+,"-"
FREEDOM DiVE (tpz Overcute Remix),t+pazolite,4,6,8+,10+,13,"-"
FUJIN Rumble,COSIO（ZUNTATA) 「グルーヴコースター」より,2,5,7+,10,13,"-"
GO BACK 2 YOUR RAVE,nora2r,3,5,7+,10,12+,"-"
"Good Bye, Mr. Jack",sasakure.UK,3,5,8,11,12+,"-"
GOODMEN,EBIMAYO,3,5,7,9+,11+,"-"
Got more raves?,E.G.G. 「グルーヴコースター」より,3,5,8,10+,12+,"-"
H-A-J-I-M-A-R-I-U-T-A-!!,777☆SISTERS,1,3,6,8+,11+,"-"
Ignis Danse,Yuji Masubuchi 「太鼓の達人」より,2,5,7,10+,13,"-"
Jack-the-Ripper◆,sasakure.UK,3,5,8,10,12+,"-"
KISS CANDY FLAVOR,カラフル・サウンズ・ポート,2,4,7,9+,12,"-"
L4TS:2018 (feat. あひる & KTA),Sprite Recordings,2,4,7,10,12,"-"
L9,]paraoka,4,6,7,9,12,"-"
Lost Princess,ペコリーヌ(CV:M・A・O)、コッコロ(CV:伊藤美来)、キャル(CV:立花理香),2,4,6,9,10+,11+
Maxi,Nizikawa,3,5,8,10+,12+,"-"
METATRON,SHIKI,3,6,8,10,12+,"-"
MilK,モリモリあつし,1,4,6,10+,12+,"-"
"Party 4U ""holy nite mix""",Cranky,3,5,7,10,12,"-"
Pursuing My True Self,目黒 将司,2,4,7,9+,11,"-"
RIDGE RACER STEPS -GMT remix-,Yuji Masubuchi(BNSI)「RIDGE RACER」,2,5,7,10,12,"-"
Sakura Fubuki,Street,3,4,7,10+,12+,"-"
Scarlet Lance,MASAKI(ZUNTATA)「グルーヴコースター 3EX ドリームパーティー」より,3,6,8,11,13,"-"
Scars of FAUNA,猫叉Master 「jubeat」より,2,5,7,9,12+,"-"
"Signs Of Love (""Never More"" ver.)",目黒 将司,2,4,7,9+,11+,"-"
"specialist (""Never More"" ver.)",目黒 将司,1,4,6,9,11,"-"
Star☆Glitter,セブンスシスターズ,2,4,7,9,11,"-"
Time To Make History (AKIRA YAMAOKA Remix),目黒 将司 Remixed by 山岡 晃,3,5,7,9,12,"-"
ULTRA B+K,nora2r,3,5,7+,10,12+,"-"
アリサのテーマ,池頼広,2,4,6,9+,12+,"-"
電車で電車でGO!GO!GO!GC! -GMT remix-,COSIO(ZUNTATA / TAITO) / 沢城千春「電車でGO!」,1,4,6,7+,11,"-"
電車で電車でOPA!OPA!OPA! -GMT mashup-,Yuji Masubuchi(BNSI) 「電車でGO!」「ファンタジーゾーン」,2,4,6,10,12+,"-"
ファンタジーゾーン OPA-OPA! -GMT remix-,Hiro(SEGA)「ファンタジーゾーン」,2,4,6,9,11,"-"
人里に下ったアタイがいつの間にか社畜になっていた件,ねこみりん + nora2r feat. 小宮真央,3,5,8,11,12+,"-"
キミとボクのミライ,ジータ(CV:金元寿子)、ルリア(CV:東山奈央)、ヴィーラ(CV:今井麻美)、マリー(CV:長谷川明子),2,4,7,9,10,11+
麒麟,sasakure.UK,4,6,8+,11,13,"-"
きたさいたま2000,LindaAI-CUE(BNGI) 「太鼓の達人」より,3,5,7+,11,13,"-"
極圏,cosMo VS dj TAKA「SOUND VOLTEX」より,3,6,8+,11,13,"-"
レッツゴー!陰陽師,「新豪血寺一族 -煩悩解放-」,2,3,6,8,11+,"-"
魔法少女になるしかねぇ,ねこみりん feat.小宮真央,3,5,8,10+,12+,"-"
オモイヨシノ,loos feat. 柊莉杏,2,4,7,9,11,"-"
オパ! オパ! RACER -GMT mashup-,COSIO(ZUNTATA / TAITO) 「ファンタジーゾーン」「RIDGE RACER」,2,4,6,9,12,"-"
リッジでリッジでGO!GO!GO! -GMT mashup-,Hiro(SEGA) 「RIDGE RACER」「電車でGO!」,2,4,6,10,11+,"-"
セイクリッド　ルイン,Drop&祇羽 feat. 葉月ゆら「太鼓の達人」より,3,6,8+,10+,12+,"-"
夜明けまであと３秒,Taku Inoue,4,6,8,11,12+,"-"
7thSense,削除,4,6,8,10,13,"-"
Acceleration,REDALiCE,4,6,7+,10,11+,"-"
Aiolos,xi,4,6,8,10,13,"-"
air's gravity,zts,4,5,7+,9+,12,"-"
Alea jacta est!,BlackY fused with WAiKURO,4,6,8+,11,13,"-"
AMAZING MIGHTYYYY!!!!,WAiKURO,4,6,9,12,13,13
Axeria,AcuticNotes,4,6,7+,10+,13,"-"
BaBan!! －甘い罠－,Hiro / 永江理奈,4,5,7+,10+,10,"-"
Backyun! -悪い女-,青山千紘/愛海,2,4,6,10,11,"-"
Bang Babang Bang!!!,御形 アリシアナ(CV:福原 綾香),2,5,7+,9+,12,"-"
Barbed Eye,柿チョコ×みきとP,2,4,6,9,11+,"-"
Beat of getting entangled,Shoichiro Hirata,3,5,8,10,12,"-"
Believe the Rainbow,Shoichiro Hirata feat.Sana,2,4,7+,8+,12,"-"
BETTER CHOICE,Jimmy Weckl feat.高貴みな,3,5,7,9,11+,"-"
Black Out,Tsukasa（Arte Refact）,4,6,7,11,11,"-"
Blew Moon,t+pazolite,2,4,8,10,11+,11+
BREAK YOU!!,A-One,2,5,6,9,12,"-"
brilliant better,御形 アリシアナ (イロドリミドリ),3,5,6,9+,11+,"-"
Caliburne ～Story of the Legendary sword～,Project Grimoire,4,6,8,11,13,"-"
Candy Tall Woman,naotyu- feat. 佐々木恵梨,3,5,7,10,12,"-"
Change Our MIRAI!,イロドリミドリ「CHUNITHM」,3,4,7,9,11+,"-"
CITRUS MONSTER,D-Cee,3,6,8,10+,13,"-"
Color My World,GOSH / クラシック「悲愴」,2,4,6,8,10,"-"
connecting with you,Takahiro Eguchi feat. 三澤秋,3,4,7,9,11+,"-"
Contrapasso -paradiso-,t+pazolite,4,6,8+,11,13,"-"
Cosmic Train,Shoichiro Hirata feat.SUIMI,2,4,5,9,10+,"-"
Counselor,DECO*27 feat.echo,2,4,7,9,10+,"-"
CYCLES,Masayoshi Minoshima feat. 綾倉盟,2,5,7,9,12,"-"
Danza zandA,福山光晴,2,4,7,9,12,12+
Death Scythe,SHIKI,2,5,7+,10,12,"-"
DETARAME ROCK&ROLL THEORY,箱部 なる(CV:M・A・O),3,4,7,9,12,"-"
D✪N’T ST✪P R✪CKIN’,EB (aka EarBreaker),3,5,7,10,12+,"-"
Dragoon,Shandy kubota,3,5,7+,9,12,"-"
Dreampainter,Sta feat.tigerlily and DOT96,2,4,7,9+,11+,"-"
Endless World,Ryouhei Kouno / 保立美和子,2,4,6,9+,10+,12+
End of Twilight,ALiCE’S EMOTiON feat. Ayumi Nomiya,3,4,7,10,11,"-"
ENJOY POLIS,LOPIT,2,5,7,9,11+,"-"
Excalibur ～Revived resolution～,Project Grimoire,4,6,9,11,13,"-"
FEEL ALIVE,ELEMENTAS feat. NAGISA,4,5,8,10,12,"-"
Feel My Fire,発熱巫女～ず,2,4,8,9+,11+,"-"
FEEL the BEATS,A-One,3,5,7+,9+,12,"-"
FestivaLight,霜月はるか,2,4,7,9,12,"-"
FFT,cybermiso,4,6,8+,11,13,"-"
Fragrance,Tsukasa (Arte Refact),4,5,8,11+,13,13
Garakuta Doll Play,t+pazolite,4,6,8,11,13,13
GEMINI -M-,Tatsh,4,6,7,10,12+,"-"
Get Happy,Jimmy Weckl,3,5,7,10+,12,"-"
Glorious Crown,xi,4,6,9+,11,13,"-"
Heartbeats,RAMM feat. 若井友希,2,4,8,10,11,"-"
"Help me, あーりん!",イロドリミドリ「CHUNITHM」,2,4,7,9,11+,"-"
HERA,ルゼ,4,6,8,10+,13,"-"
Hyper Active,HiTECH NINJA,4,6,8,11,12+,"-"
Imitation:Loud Lounge,Ino(chronoize),3,5,7,10,12,"-"
Infantoon Fantasy,t+pazolite,3,5,7+,9,12,"-"
Invitation,れるりり feat.ろん,2,4,6,8,11+,"-"
Jumble Rumble,INNOCENT NOIZE,3,5,8,10+,12+,"-"
JUMPIN' JUMPIN',SOUND HOLIC feat. Nana Takahashi,2,4,7+,9,11,"-"
Justified,MintJam feat.光吉猛修,3,4,8,11,12+,"-"
Kattobi KEIKYU Rider,Sampling Masters MEGA,4,5,8,11,12+,"-"
keep hopping,kamome sano,3,5,7+,10+,12+,"-"
Kinda Way,good-cool ft. Pete Klassen,3,4,7+,10,12,"-"
KING is BACK!!,A-One,3,5,8,10,12+,"-"
L'épilogue,SOUND HOLIC feat. Nana Takahashi,2,5,7,9+,12,"-"
LANCE,Ras,3,5,7+,9+,12,"-"
larva,ガリガリさむし,4,6,8,11,13,"-"
Life Feels Good,Cranky,3,5,7,10+,12,"-"
Limit Break,DiGiTAL WiNG,2,5,7,9+,12,"-"
Link,Clean Tears feat. Youna,2,6,7,10+,10+,"-"
Lionheart,Masayoshi Minoshima,3,6,7,9+,12,"-"
Lividi,Feryquitous,4,5,8+,11,12+,"-"
LUCIA,SHIKI,2,4,6,10,11,"-"
Magical Flavor,DECO*27 feat.Tia,2,4,7,9,12,"-"
maimaiちゃんのテーマ,YMCK,2,4,6,8,10+,"-"
maiム・maiム feat.週刊少年マガジン,にしもと先生、タクマ、どんちゃん「ちょっと盛りました。」,3,4,6,9+,11,"-"
Mare Maris,M2U,3,5,8,10+,12+,"-"
MIRROR of MAGIC,Shoichiro Hirata feat.SUIMI,3,4,7,9,11+,"-"
Monochrome Rainbow,Sta/Call,2,4,7+,9,11,"-"
Moon of Noon,Sampling Masters MEGA,4,6,8,11,13,"-"
My Dearest Song,月鈴 白奈(CV:高野 麻里佳),3,4,7,10,12,"-"
My First Phone,cubesato,2,5,7+,10+,12+,"-"
MYTHOS,Cranky feat. まらしぃ & てっぺい先生,2,4,7+,10,13,"-"
Nerverakes,Taishi,3,6,7,10,12+,"-"
Night Fly,発熱巫女～ず,3,4,7,9+,11,"-"
Nitrous Fury,Jun Senoue,3,6,7+,10,12+,"-"
oboro,ヒゲドライバー,3,5,7,10,12+,"-"
Oshama Scramble!,t+pazolite,3,5,7,10,13,"-"
Our Wrenally,t+pazolite,4,6,9,11,13,"-"
PANDORA PARADOXXX,削除,6,7+,10+,12+,13+,"-"
Panopticon,cybermiso,4,5,8+,11,13,13
Pixel Voyage,YMCK,1,3,6,8,11,"-"
planet dancer,樽木栄一郎,2,5,7,9+,11+,"-"
Prophesy One,vox2（小野秀幸）,4,6,8,10,13,"-"
QZKago Requiem,t+pazolite,5,6,9+,11+,13,"-"
Ragnarok,sky_delta,4,6,8,10+,13,"-"
Revive The Rave,void(Mournfinale),4,6,8,10,12,"-"
Schwarzschild,Tsukasa,4,6,8+,11,13,"-"
Selector,Aliesrite*（Ym1024 fear. lamie*）,2,5,7,10,12,"-"
Session High⤴,イロドリミドリ「CHUNITHM」,2,5,6,9,11+,"-"
Signature,Palme,3,4,7+,10+,12,"-"
SILENT BLUE,かねこちはる,4,5,8,11,13,"-"
SPICY SWINGY STYLE,明坂 芹菜(CV:新田 恵海),3,5,7+,10,12,"-"
SPILL OVER COLORS,矢鴇つかさ feat. kalon.,3,4,7+,10,12,"-"
Spin me harder,D.watt (IOSYS) feat. Asana,3,6,7,10+,12,"-"
Sprintrances,Taishi,3,5,7+,9,11+,"-"
Starlight Disco,loos feat. Meramipop,2,4,7,10,10,11+
Still,イロドリミドリ「CHUNITHM」,2,4,6,9+,12,"-"
Streak,ARM (IOSYS),3,6,7,10+,12,"-"
Sweets×Sweets,Team-D,2,5,6,8,9+,"-"
"System ""Z""",Jimmy Weckl,3,5,8,11+,13,"-"
the EmpErroR,sasakure.UK,3,5,9+,12,13,"-"
The wheel to the right,Sampling Masters MEGA,4,6,8,11,12+,"-"
TiamaT:F minor,Team Grimoire,3,6,9,11+,13,"-"
Tic Tac DREAMIN',天王洲 なずな(CV:山本 彩乃),1,4,6,8,11,"-"
True Love Song,Kai / クラシック「G線上のアリア」,2,4,6,8+,9+,"-"
TRUST,小仏 凪(CV:佐倉 薫),3,5,7,9+,12,"-"
Turn around,Clean Tears,3,6,7,11+,12,"-"
Ultranova,A4paper,3,5,7+,11,13,"-"
VERTeX,Hiro,3,5,8,10,13,"-"
We Gonna Journey,Queen P.A.L.,3,6,8,10+,12+,"-"
We Gonna Party,Cranky,3,6,7+,11,12,"-"
welcome to maimai!! with マイマイマー,Hiro feat.越田Rute隆人&ビートまりお,3,5,7,8,11,"-"
World Vanquisher,void(Mournfinale),4,6,8+,11,13,"-"
Xevel,Tatsh,4,6,8,11,13,"-"
曖昧mind,Halozy,2,5,7+,10,12,"-"
天火明命,削除,3,5,8+,11,12+,"-"
あねぺったん,月鈴姉妹(イロドリミドリ),2,5,7,9,11+,"-"
アージェントシンメトリー,Sta feat.b,2,4,6,9,12,"-"
デコボコ体操第二,光吉猛修＆体操隊,2,4,6,7+,9,"-"
デスパレイト,owl*tree,2,5,7+,10,12+,"-"
ドキドキDREAM!!!,イロドリミドリ,3,5,7+,9+,11+,"-"
エンドマークに希望と涙を添えて,cosMo@暴走P,4,6,8+,11,13,"-"
フォルテシモBELL,天王洲 なずな(CV:山本 彩乃),1,3,6,7+,11,"-"
ガラテアの螺旋,sasakure.UK,3,6,8,11,13,13
ぐるぐるWASH！コインランドリー・ディスコ,D.watt(IOSYS)feat.ちよこ,2,4,6,8,10+,"-"
花と、雪と、ドラムンベース。,kanone feat. せんざい,2,6,8,11,13,12+
ハート・ビート,明坂 芹菜(イロドリミドリ),3,5,7,9,12,"-"
炎歌 -ほむらうた-,Hiro / 森山愛子,2,4,6,10,12,"-"
怒槌,光吉猛修,4,6,8+,11+,13,"-"
犬日和。,Ryouhei Kouno / 森綾香,1,4,6,8+,10,"-"
イロトリドリのメロディ,小仏 凪(CV:佐倉 薫),2,4,6,9,11+,"-"
いっしそう電☆舞舞神拳！,さつき が てんこもり feat. YURiCa/花たん,3,5,7+,9+,12,"-"
悪戯,ろん×田中秀和(MONACA),2,4,6,8+,11,"-"
幾四音-Ixion-,M.S.S. Project,3,5,7+,9,11+,"-"
ジングルベル,[H.],2,5,7,9,13,13
火炎地獄,山根ミチル,3,5,8,10,12+,"-"
空威張りビヘイビア,un:c・ろん×じーざすP,2,4,7,9,12,"-"
記憶、記録,青山千紘/愛海,3,4,8,9,12,"-"
言ノ葉カルマ,そらる・ろん×れるりり,2,4,6,9,11+,"-"
言ノ葉遊戯,SIN・高橋菜々×ひとしずく・やま△,3,4,7,9,11,"-"
高気圧ねこロック,小野隊長とJimmy親分,3,5,8,9+,12,"-"
光線チューニング,ナユタン星人,2,5,7,9+,12,"-"
みんなのマイマイマー,ビートまりお(COOL&CREATE)+ARM(IOSYS),2,4,7+,9,12,"-"
猛進ソリストライフ！,月鈴 那知(CV:今村 彩夏),4,6,8+,10+,12+,"-"
無敵We are one!!,イロドリミドリ 「CHUNITHM」,3,5,7+,8+,12,"-"
泣き虫O'clock,Hiro / 友香,2,4,7,9,10+,"-"
ナミダと流星,芳川よしの,2,5,7,9,10,"-"
なるとなぎのパーフェクトロックンロール教室,イロドリミドリ「CHUNITHM」,3,5,7,9+,12,"-"
ねぇ、壊れタ人形ハ何処へ棄テらレるノ？,cosMo＠暴走P,4,6,8,11,13,"-"
ネコ日和。,Kai / 能登有沙,3,5,7,7,10,"-"
猫祭り,箱部 なる(CV:M・A・O),3,4,7+,10,12,"-"
虹と太陽,GOSH / manami,3,5,7,9,10+,"-"
オレンジの夏,Hiro / タクマロ,4,5,6,8+,10,"-"
おても☆Yan,光吉猛修,1,4,6,8+,11+,"-"
オトヒメモリー☆ウタゲーション,Junky,3,4,7,9+,11+,"-"
-OutsideR:RequieM-,箱部 なる(CV:M・A・O),2,4,7,9+,12,"-"
ピーマンたべたら,カタオカツグミ,3,5,6,9+,12,"-"
ぴぴぱぷぅ！,Hiro / 小山あかり,1,3,7,9,11,"-"
雷切-RAIKIRI-,kanone,4,6,8,11,13,13+
りばーぶ,高橋菜々×岡部啓一(MONACA),2,3,6,8,10,"-"
咲キ誇レ常世ノ華,Sou×マチゲリータ,3,5,7,10,12,"-"
閃鋼のブリューナク,sasakure.UK,4,6,8,10,12+,"-"
洗脳,ゆりん・柿チョコ×Neru,1,4,6,9,10,11+
四月の雨,cubesato,2,4,7+,10+,12+,"-"
心象蜃気楼,Orangestar,3,5,7,9,12,"-"
スリップフリップ,tilt-six feat.串伊トモミ,3,4,7,9,12,"-"
その群青が愛しかったようだった,n-buna feat.ヤギヌマカナ,2,5,7,9,11,"-"
ソーラン☆節,光吉猛修,3,5,7,9+,11+,"-"
奏者はただ背中と提琴で語るのみ,月鈴 那知(CV:今村 彩夏),4,6,8,10,12+,"-"
相思創愛,伊東歌詞太郎・ろん×まらしぃ,2,5,7+,9+,12,"-"
タカハせ！名人マン,ビートまりお + ARM feat. 高橋名人,2,4,6,8,12,"-"
炭★坑★節,Kai / 光吉猛修,3,4,6,8,11+,"-"
天国と地獄 -言ノ葉リンネ-,伊東歌詞太郎・ろん×れるりり,2,4,6,9+,11+,"-"
分からない,ろん×黒魔,3,4,7+,9+,12+,"-"
私の中の幻想的世界観及びその顕現を想起させたある現実での出来事に関する一考察,小仏 凪(CV:佐倉 薫),2,5,6,8,12,"-"
ユビキリ,山根ミチル,3,4,7,10,12,"-"
夢花火,豚乙女,3,5,7+,9+,12+,"-"
